year;day;title;keywords;type;solved;comment;"solution megathread"
2023;1;Trebuchet?!;;;night after;Got stuck on failing to select from the end - and did not want to reach for regex;"https://redd.it/1883ibu"
2023;2;Cube Connundrum;;;(Saturday) morning;Really straight forward with sets - as soon as I looked up how accumulate works. Thinking whether I should do the parsing in neater ways - all at once with regex?;"https://redd.it/188w447"
2023;3;Gear Ratios;;;(Sunday) morning part one;Nice that the naive, character by character solution worked, but have to be smarter for part two;"https://redd.it/189m3qw"
2023;4;Scratchcards;;;morning;;"https://redd.it/18actmy
2023;5;If You Give A Seed A Fertilizer;;;;;https://redd.it/18b4b0r
2023;6;Wait For It;;;;;https://redd.it/18bwe6t
2023;7;Camel Cards;;;;;https://redd.it/18cnzbm
2023;8;Haunted Wasteland;;;Part one morning;;https://redd.it/18df7px
2022;1;Calorie Counting;;;;;"https://redd.it/z9ezjb"
2022;2;Rock Paper Scissors;;;;;"https://redd.it/zac2v2"
2022;3;Rucksack Reorganization;;;;;"https://redd.it/zb865p"
2022;4;Camp Cleanup;;;;;"https://redd.it/zc0zta"
2022;5;Supply Stacks;;;;;"https://redd.it/zcxid5"
2022;6;Tuning Trouble;;;;;"https://redd.it/zdw0u6"
2022;7;No Space Left On Device;;;;;"https://redd.it/zesk40"
2022;8;Treetop Tree House;forest,vantage,line of sight;grid,cumulative,comparison;two sessions;Mostly a bunch of table slices in various directions - thinking this could be done neatly with numpy, but this version is tidy enough;"https://redd.it/zfpnka"
2022;9;Rope Bridge;;;;;"https://redd.it/zgnice"
2022;10;Cathode-Ray Tube;;;;;"https://redd.it/zhjfo4"
2022;11;Monkey in the Middle;;;;;"https://redd.it/zifqmh"
2022;12;Hill Climbing Algorithm;;;;;"https://redd.it/zjnruc"
2022;13;Distress Signal;;;;;"https://redd.it/zkmyh4"
2022;14;Proboscidea Volcanium;;;;;"https://redd.it/zn6k1l"
2022;15;Beacon Exclusion Zone;;radius,manhattan;Only part one;Surprisingly fun problem! Not too difficult, a challenge to decide whether the grid is too sparse or not, whether the solution will run in realistic time;"https://redd.it/zmcn64"
2022;16;Proboscidea Volcanium;;;;;"https://redd.it/zn6k1l"
2022;17;Pyroclastic Flow;;;;;"https://redd.it/znykq2"
2022;18;Boiling Boulders;;;;;"https://redd.it/zoqhvy"
2022;19;Not Enough Minerals;;;;;"https://redd.it/zpihwi"
2022;20;Grove Positioning System;;;;;"https://redd.it/zqezkn"
2022;21;Monkey Math;;evaluation,deduction;;Perhaps I solved part one without looking very closely at the megathread;"https://redd.it/zrav4h"
2022;22;Monkey Map;;;;Don't like this type of problem...?;"https://redd.it/zsct8w"
2022;23;Unstable Diffusion;;automata;A while... not too long?;I recall that I solved this with grit, not looking at the megathread;"https://redd.it/zt6xz5"
2022;24;Blizzard Basin;;path finding,dynamic;;Zzz... a fairly large grid, which also moves, I really shouldn't try doing this without numpy;"https://redd.it/zu28ij"
2022;25;Full of Hot Air;;;;;"https://redd.it/zur1an"
2021;1;Sonar Sweep;;;;;"https://redd.it/r66vow"
2021;2;Dive!;;;;;"https://redd.it/r6zd93"
2021;3;Binary Diagnostic;;;;;"https://redd.it/r7r0ff"
2021;4;Sonar Sweep;;;;;"https://redd.it/r8i1lq"
2021;5;Hydrothermal Venture;;;;;"https://redd.it/r9824c"
2021;6;Lanternfish;;;;;"https://redd.it/r9z49j"
2021;7;The Treachery of Whales;;;;;"https://redd.it/rar7ty"
2021;8;Seven Segment Search;;;;;"https://redd.it/rar7ty"
2021;9;Smoke Basin;;;;;"https://redd.it/rca6vp"
2021;10;Syntax Scoring;;;;;"https://redd.it/rd0s54"
2021;11;Dumbo Octopus;;;;;"https://redd.it/rds32p"
2021;12;Passage Pathing;;;;;"https://redd.it/rehj2r"
2021;13;Transparent Origami;;;;;"https://redd.it/rf7onx"
2021;14;Extended Polymerization;;;;;"https://redd.it/rfzq6f"
2021;15;Chiton;;;;;"https://redd.it/rgqzt5"
2021;16;Packet Decoder;;;;;"https://redd.it/rhj2hm"
2021;17;Trick Shot;;;;;"https://redd.it/ri9kdq"
2021;18;Snailfish;;;;;"https://redd.it/rizw2c"
2021;19;Beacon Scanner;;;;;"https://redd.it/rjpf7f"
2021;20;Trench Map;;;;;"https://redd.it/rkf5ek"
2021;21;Dirac Dice;;;;;"https://redd.it/rl6p8y"
2021;22;Reactor Reboot;;;;;"https://redd.it/rlxhmg"
2021;23;Amphipod;;;;;"https://redd.it/rmnozs"
2021;24;Arithmetic Logic Unit;;;;;"https://redd.it/rnejv5"
2021;25;Sea Cucumber;;;;;"https://redd.it/ro2uav"
2020;1;Report Repair;expense report,search,list,entries,sum;list,iteration,nested;< 1 day;Going back, I can see I was terribly naive - my first attempts were very non-pythonic, but also as the problem placed very low requirements, I succeeded and could proceed, to subsequently learn a lot better;"https://redd.it/k4e4lm"
2020;2;Password Philosophy;;;;;"https://redd.it/k52psu"
2020;3;Toboggan Trajectory;;;;;"https://redd.it/k5qsrk"
2020;4;Passport Processing;;;;;"https://redd.it/k6e8sw"
2020;5;Binary Boarding;;;;;"https://redd.it/k71h6r"
2020;6;Custom Customs;;;;;"https://redd.it/k7ndux"
2020;7;Handy Haversacks;;;;;"https://redd.it/k8a31f"
2020;8;Handheld Halting;;;;;"https://redd.it/k8xw8h"
2020;9;Encoding Error;;;;;"https://redd.it/k9lfwj"
2020;10;Adapter Array;;;;;"https://redd.it/ka8z8x"
2020;11;Seating System;;;;;"https://redd.it/kaw6oz"
2020;12;Rain Risk;;;;;"https://redd.it/kbj5me"
2020;13;Shuttle Search;bus,schedule;periodicity,prime factors;a couple days, using megathread;Quite satisfactory to solve part one, though part two was fiendishly difficult. It requires a discrete mathematics algorithm which is hard to decipher even in hindsight;"https://redd.it/kc4njx"
2020;14;Docking Data;;;;;"https://redd.it/kcr1ct"
2020;15;Rambunctious Recitation;;;;;"https://redd.it/kdf85p"
2020;16;Ticket Translation;;;;;"https://redd.it/ke2qp6"
2020;17;Conway Cubes;;;;;"https://redd.it/keqsfa"
2020;18;Operation Order;;reverse polish notation,parsing;A couple of days, using megathread;"Surprisingly difficult problem. Unless one ""hack"" a solution, there are many caveats in implementing a proper parsing and evaluation algorithm";"https://redd.it/kfeldk"
2020;19;Monster Messages;;;;;"https://redd.it/kg1mro"
2020;20;20: Jurassic Jigsaw;;;;;"https://redd.it/kgo01p"
2020;21;Allergen Assessment;;;;;"https://redd.it/khaiyk"
2020;22;Crab Combat;crab,cups,cards,game;chaotic,sequential;;;"https://redd.it/khyjgv"
2020;23;Crab Cups;;;;;"https://redd.it/kimluc"
2020;24;Lobby Layout;;;;;"https://redd.it/kj96iw"
2020;25;Combo Breaker;;;;;"https://redd.it/kjtg7y"
2019;1;;;;;;"https://redd.it/e4axxe"
2019;2;;;;;;"https://redd.it/e4u0rw"
2019;3;;;;;;"https://redd.it/e5bz2w"
2019;4;;;;;;"https://redd.it/e5u5fv"
2019;5;;;;;;"https://redd.it/e6carb"
2019;6;;;;;;"https://redd.it/e6tyva"
2019;7;;;;;;"https://redd.it/e7a4nj"
2019;8;Space Image Format;decode,pixels,transparent;visual answer,layer stack;< 1 day;No difficulties at all, could perhaps be neatly implemented in numpy;"https://redd.it/e7pkmt"
2019;9;;;;;;"https://redd.it/e85b6d"
2019;10;Monitoring Station;;grid,trigonometry;;Looks like a nice enough problem to solve, perhaps with numpy;"https://redd.it/e8m1z3"
2019;11;;;;;;"https://redd.it/e92jm2"
2019;12;;;;;;"https://redd.it/e9j0ve"
2019;13;;;;;;"https://redd.it/e9zgse"
2019;14;;;;;;"https://redd.it/eafj32"
2019;15;;;;;;"https://redd.it/eaurfo"
2019;16;;;;;;"https://redd.it/ebai4g"
2019;17;;;;;;"https://redd.it/ebr7dg"
2019;18;;;;;;"https://redd.it/ec8090"
2019;19;;;;;;"https://redd.it/ecogl3"
2019;20;;;;;;"https://redd.it/ed5ei2"
2019;21;;;;;;"https://redd.it/edll5a"
2019;22;;;;;;"https://redd.it/ee0rqi"
2019;23;;;;;;"https://redd.it/eefva8"
2019;24;;;;;;"https://redd.it/eewjtt"
2019;25;;;;;;"https://redd.it/efca4m"
2018;1;;;;;;"https://redd.it/a20646"
2018;2;;;;;;"https://redd.it/a2aimr"
2018;3;;;;;;"https://redd.it/a2lesz"
2018;4;;;;;;"https://redd.it/a2xef8"
2018;5;;;;;;"https://redd.it/a3912m"
2018;6;;;;;;"https://redd.it/a3kr4r"
2018;7;;;;;;"https://redd.it/a3wmnl"
2018;8;;;;;;"https://redd.it/a47ubw"
2018;9;;;;;;"https://redd.it/a4i97s"
2018;10;;;;;;"https://redd.it/a4skra"
2018;11;;;;;;"https://redd.it/a53r6i"
2018;12;Subterranean Sustainability;pots,generations;automata,pattern,infinite space,off-by-one;two sessions;I suffered multiple off-by-one errors - both when keeping track of whether the pots had crept below the zero line and how many generations to perform;"https://redd.it/a5eztl"
2018;13;;;;;;"https://redd.it/a5qd71"
2018;14;;;;;;"https://redd.it/a61ojp"
2018;15;;;;;;"https://redd.it/a6chwa"
2018;16;;;;;;"https://redd.it/a6mf8a"
2018;17;;;;;;"https://redd.it/a6wpup"
2018;18;;;;;;"https://redd.it/a77xq6"
2018;19;;;;;;"https://redd.it/a7j9zc"
2018;20;A Regular Map;;regular expressions,sequential,maze;;Oh how I'm looking forward to feeling stupid trying to solve this...;"https://redd.it/a7uk3f"
2018;21;;;;;;"https://redd.it/a86jgt"
2018;22;;;;;;"https://redd.it/a8i1cy"
2018;23;;;;;;"https://redd.it/a8s17l"
2018;24;;;;;;"https://redd.it/a91ysq"
2018;25;;;;;;"https://redd.it/a9c61w"
2017;1;;;;;;"https://redd.it/7gsrc2"
2017;2;;;;;;"https://redd.it/7h0rnm"
2017;3;;;;;;"https://redd.it/7h7ufl"
2017;4;;;;;;"https://redd.it/7hf5xb"
2017;5;;;;;;"https://redd.it/7hngbn"
2017;6;;;;;;"https://redd.it/7hvtoq"
2017;7;;;;;;"https://redd.it/7i44pg"
2017;8;;;;;;"https://redd.it/7icnff"
2017;9;;;;;;"https://redd.it/7iksqc"
2017;10;;;;;;"https://redd.it/7irzg5"
2017;11;;;;;;"https://redd.it/7izym2"
2017;12;;;;;;"https://redd.it/7j89tr"
2017;13;;;;;;"https://redd.it/7jgyrt"
2017;14;;;;;;"https://redd.it/7jpelc"
2017;15;;;;;;"https://redd.it/7jxkiw"
2017;16;;;;;;"https://redd.it/7k572l"
2017;17;;;;;;"https://redd.it/7kc0xw"
2017;18;;;;;;"https://redd.it/7kj35s"
2017;19;;;;;;"https://redd.it/7kr2ac"
2017;20;;;;;;"https://redd.it/7kz6ik"
2017;21;;;;;;"https://redd.it/7l78eb"
2017;22;;;;;;"https://redd.it/7lf943"
2017;23;;;;;;"https://redd.it/7lms6p"
2017;24;;;;;;"https://redd.it/7lte5z"
2017;25;;;;;;"https://redd.it/7lzo3l"
2016;1;;;;;;"https://redd.it/5fur6q"
2016;2;;;;;;"https://redd.it/5g1hfm"
2016;3;;;;;;"https://redd.it/5g80ck"
2016;4;;;;;;"https://redd.it/5gdvve"
2016;5;;;;;;"https://redd.it/5gk2yv"
2016;6;;;;;;"https://redd.it/5gr0xf"
2016;7;;;;;;"https://redd.it/5gy1f2"
2016;8;;;;;;"https://redd.it/5h52ro"
2016;9;;;;;;"https://redd.it/5hbygy"
2016;10;;;;;;"https://redd.it/5hijk5"
2016;11;;;;;;"https://redd.it/5hoia9"
2016;12;Leonardo's Monorail;;assembly,cpu,instruction set;;;"https://redd.it/5hus40"
2016;13;A Maze of Twisty Little Cubicles;;maze,generative,path finding;;;"https://redd.it/5i1q0h"
2016;14;;;;;;"https://redd.it/5i8pzz"
2016;15;;;;;;"https://redd.it/5ifn4v"
2016;16;;;;;;"https://redd.it/5imh3d"
2016;17;;;;;;"https://redd.it/5isvxv"
2016;18;;;;;;"https://redd.it/5iyp50"
2016;19;;;;;;"https://redd.it/5j4lp1"
2016;20;;;;;;"https://redd.it/5jbeqo"
2016;21;;;;;;"https://redd.it/5ji29h"
2016;22;;;;;;"https://redd.it/5jor9q"
2016;23;;;;;;"https://redd.it/5jvbzt"
2016;24;;;;;;"https://redd.it/5k1he1"
2016;25;;;;;;"https://redd.it/5k6yfu"
2015;1;Not Quite Lisp;;;;;"https://redd.it/3uyl7s"
2015;2;I Was Told There Would Be No Math;;;;;"https://redd.it/3v3w2f"
2015;3;Perfectly Spherical Houses in a Vacuum;;;;;"https://redd.it/3v8roh"
2015;4;The Ideal Stocking Stuffer;;;;;"https://redd.it/3vdn8a"
2015;5;Doesn't He Have Intern-Elves For This?;;;;;"https://redd.it/3viazx"
2015;6;Probably a Fire Hazard;;;;;"https://redd.it/3vmltn"
2015;7;Some Assembly Required;;;;;"https://redd.it/3vr4m4"
2015;8;Matchsticks;;;;;"https://redd.it/3vw32y"
2015;9;All in a Single Night;;;;;"https://redd.it/3w192e"
2015;10;Elves Look, Elves Say;;;;;"https://redd.it/3w6h3m"
2015;11;Corporate Policy;;;;;"https://redd.it/3wbzyv"
2015;12;JSAbacusFramework.io;;;;;"https://redd.it/3wh73d"
2015;13;Knights of the Dinner Table;;;;;"https://redd.it/3wm0oy"
2015;14;Reindeer Olympics;;;;;"https://redd.it/3wqtx2"
2015;15;Science for Hungry People;;;;;"https://redd.it/3wwj84"
2015;16;Aunt Sue;;;;;"https://redd.it/3x1i26"
2015;17;No Such Thing as Too Much;;;;;"https://redd.it/3x6cyr"
2015;18;Like a GIF For Your Yard;;;;;"https://redd.it/3xb3cj"
2015;19;Medicine for Rudolph;;;;;"https://redd.it/3xflz8"
2015;20;Infinite Elves and Infinite Houses;;;;;"https://redd.it/3xjpp2"
2015;21;RPG Simulator 20XX;;;;;"https://redd.it/3xnyoi"
2015;22;Wizard Simulator 20XX;;;;;"https://redd.it/3xspyl"
2015;23;Opening the Turing Lock;;;;;"https://redd.it/3xxdxt"
2015;24;It Hangs in the Balance;;;;;"https://redd.it/3y1s7f"
2015;25;Let It Snow;;;;;"https://redd.it/3y5jco"